{
  "A": {
    "warm_cold": [
      0.004836781320329493,
      -0.038929473170040294,
      0.008812313444998212,
      -0.07151632358310839,
      -0.0178525187726921,
      -0.03261664723253557,
      -0.046179860808908346,
      -0.09859250762622927,
      0.026184799513254923,
      -0.0333344188372589,
      0.024861759796246025,
      -0.09806319093725938,
      0.03355863971568794,
      -0.027272033625255654,
      0.03892213116150703,
      -0.056100873961552444,
      0.037553192607340635,
      -0.05619277319028874,
      0.01197746385525814,
      -0.059416885345306585,
      -0.07270776005392345,
      -0.07793778266121645,
      -0.11215847821707688,
      -0.05845376954252163,
      0.02098379138025781,
      -0.0695242395772309,
      -0.16287650145108856,
      -0.02459226069101194,
      -0.08025344914358817,
      0.04184523601176048
    ],
    "patient_irritated": [
      0.01885070523486729,
      0.14517570887021541,
      0.09155426177838623,
      0.0773091374234126,
      0.02134766661653305,
      0.08625366920814241,
      0.06832931187705349,
      0.06232174468601643,
      0.04704398028853614,
      0.08296465104228236,
      0.057849694137733394,
      0.011502740140102859,
      0.16829023259314282,
      0.0795349905231603,
      -0.02622341223124917,
      0.0026574479754199465,
      0.03670898593451794,
      0.04876469000822728,
      0.058014664705297654,
      -0.0006936856241617873,
      0.015353557013875753,
      -0.06314967467742873,
      0.050982048350640005,
      0.027783659441721602,
      0.07624648804970685,
      0.008222800427378666,
      0.13988692622277754,
      -0.0033887054749192715,
      -0.06608856603395931,
      0.1316800725913566
    ],
    "confident_cautious": [
      -0.5396797801764569,
      -0.18958995369242015,
      -0.3374739282559241,
      -0.5275919802422567,
      -0.2504444219017545,
      -0.37792606681869173,
      -0.062141424654829615,
      -0.3079597083198217,
      -0.5936840572296478,
      -0.36141041749426445,
      -0.5221751739681703,
      -0.5425016801187756,
      -0.3026561387361017,
      -0.40469024355607514,
      -0.8752357728274196,
      -0.34252793926074104,
      -0.5304772181649068,
      -0.07430117887572034,
      -0.383989388698994,
      -0.24439625171489898,
      -0.5956792686388122,
      -0.324410675736888,
      0.025889464489162756,
      -0.3352475613976654,
      -0.5287172806908951,
      -0.5621638961443863,
      -0.243807958495805,
      -0.8298951430469022,
      -1.0,
      -0.22362039705906822
    ],
    "proactive_reluctant": [
      0.712931127989144,
      0.34227426085611123,
      0.4383554496371903,
      0.4951806154139555,
      0.5010590605709763,
      0.478477177286518,
      0.42530463674880276,
      0.14686335453293162,
      0.5914684755238254,
      0.4871892938916482,
      0.6257356307926806,
      0.6043339578988213,
      0.4692425724128455,
      0.5608089579700327,
      0.7059557106642993,
      0.53740477508883,
      0.8119892700912135,
      0.4208648428739513,
      0.8093859618940751,
      0.4916777375914349,
      0.7778994877435673,
      0.574003097944893,
      0.40654113173147305,
      0.5860579006162748,
      0.509285628412185,
      0.6069357288338334,
      0.3572885417951957,
      0.7168911152262513,
      0.6872437039281976,
      0.6116604135515443
    ],
    "empathetic_analytical": [
      -0.048390054602397925,
      -0.08250556968799976,
      -0.003853022049339082,
      -0.14119897914774526,
      -0.10993618289926162,
      -0.04523810552122224,
      -0.10163847830368358,
      -0.09165631582418297,
      0.0047331614528346635,
      -0.05259534886931206,
      -0.05375455337775116,
      -0.13830730840899677,
      -0.0064753273703128085,
      -0.05043463634540374,
      -0.006585474975761758,
      -0.1465380341121253,
      -0.05296826610526103,
      -0.18550911049243443,
      -0.0881260585230319,
      -0.1877528625487043,
      -0.1581165711058592,
      -0.21600946027846904,
      -0.2137132278095177,
      -0.1792358633415363,
      -0.06785136399502466,
      -0.1827055537539663,
      -0.29872312399192813,
      -0.10894815234385845,
      -0.14037995798360983,
      -0.01250107934545245
    ],
    "formal_casual": [
      0.4193382248730428,
      0.3746845404824016,
      0.3249053030442462,
      0.415629447208438,
      0.3279479672389834,
      0.3555331729039712,
      0.3197396680141902,
      0.3391893764226752,
      0.3756580254983904,
      0.35578155031578795,
      0.39139522616389527,
      0.48893687383865525,
      0.3485285765148932,
      0.42828396713663525,
      0.41269400640699855,
      0.3958704694946583,
      0.4112032838562977,
      0.28172686465104685,
      0.4562422460791273,
      0.3967571156684707,
      0.5047729870210778,
      0.3409026603164373,
      0.3387246544650895,
      0.38343733299003524,
      0.3639106671750698,
      0.43189890388211344,
      0.4380417540065336,
      0.4498161390380825,
      0.5098812966361025,
      0.3479091544646887
    ],
    "verbose_concise": [
      0.44851098858656474,
      0.33117175515834757,
      0.3928093584350244,
      0.38162200496027254,
      0.3049681687939155,
      0.36602862907965145,
      0.26990989587879416,
      0.2134680326157784,
      0.49065814677324854,
      0.33603970331627037,
      0.4338777123301501,
      0.3988120682594109,
      0.3685092210944112,
      0.4482882158834467,
      0.494148270068706,
      0.3459794292578934,
      0.5001880734503953,
      0.14287399970495562,
      0.5313740326142593,
      0.32407182636331455,
      0.4379961275673591,
      0.274243395624552,
      0.17894737850233508,
      0.29700858888241494,
      0.4207941224677216,
      0.34478662304342794,
      0.2551118914672632,
      0.42218925237294574,
      0.4775574632273621,
      0.3819451733313043
    ]
  },
  "B": {
    "warm_cold": [
      0.07239319575437353,
      0.023511906789182666,
      0.051382822783928785,
      -0.029970554877683502,
      0.02393593407674127,
      0.004082956811500958,
      -0.016142150303595407,
      -0.05773942861712714,
      0.10272648408169904,
      0.026830205759441034,
      0.06235654427057627,
      -0.06267912210080828,
      0.09255862173660571,
      0.0472809774406496,
      0.07986717790644153,
      -0.016589845326489376,
      0.08825293489307195,
      -0.04038887989055109,
      0.06425952150451979,
      -0.05281577381656997,
      -0.03775307180731253,
      -0.060028888039498164,
      -0.07306389695742573,
      -0.11262534869684043,
      0.057040891683033355,
      -0.07407322203778391,
      -0.16818420862040925,
      -0.03715646666927105,
      -0.06388554330321097,
      0.059827292543996935
    ],
    "patient_irritated": [
      0.22323808563458916,
      0.2513053534287773,
      0.2336714708116259,
      0.23807776007250792,
      0.16320291404775158,
      0.21639587422270168,
      0.18236011698324597,
      0.19458125931868195,
      0.24702326473536396,
      0.19088093525679017,
      0.2274757581123714,
      0.20614219644493076,
      0.27498460729082236,
      0.24134834515420117,
      0.24729836218385126,
      0.18168367898206134,
      0.1935435969030807,
      0.12437835775011317,
      0.244661823507464,
      0.17151490981497045,
      0.24607026009259733,
      0.08797814027011779,
      0.1331950303038545,
      0.17822716930593321,
      0.2568041131744883,
      0.17446237991776442,
      0.2599349278253069,
      0.24783250345871793,
      0.1838125397762754,
      0.27476781172440995
    ],