{
  "model": "deepseek_7b",
  "timestamp": "2026-01-26T23:21:08.543707",
  "num_samples": 30,
  "baseline": {
    "warm_cold": {
      "mean": 0.3965199788411458,
      "std": 0.18217962274487487,
      "min": -0.004302978515625,
      "max": 0.7685546875
    },
    "patient_irritated": {
      "mean": -0.3287663777669271,
      "std": 0.13227981808297698,
      "min": -0.5732421875,
      "max": 0.0310516357421875
    },
    "confident_cautious": {
      "mean": 0.19212443033854168,
      "std": 0.14600150237241374,
      "min": -0.192626953125,
      "max": 0.342041015625
    },
    "proactive_reluctant": {
      "mean": 0.14528757731119793,
      "std": 0.20552130178213204,
      "min": -0.363525390625,
      "max": 0.34521484375
    },
    "empathetic_analytical": {
      "mean": 0.04069468180338542,
      "std": 0.1674763871078025,
      "min": -0.401611328125,
      "max": 0.344482421875
    },
    "formal_casual": {
      "mean": 0.184661865234375,
      "std": 0.17721513634577798,
      "min": -0.27099609375,
      "max": 0.37890625
    },
    "verbose_concise": {
      "mean": 0.530864969889323,
      "std": 0.14980318379151725,
      "min": 0.0237274169921875,
      "max": 0.72998046875
    },
    "direct_evasive": {
      "mean": 0.20679677327473958,
      "std": 0.13351692883142313,
      "min": -0.2032470703125,
      "max": 0.3349609375
    }
  }
}