{
  "model": "gemma_9b",
  "model_id": "google/gemma-2-9b-it",
  "timestamp": "2026-02-06T16:07:23.746216",
  "n_questions": 30,
  "axes": {
    "warm_cold": {
      "mean": 0.044978645789517685,
      "std": 0.04590229029903486,
      "min": -0.037583656590373216,
      "max": 0.13329175202907054,
      "values": [
        0.08446411422149919,
        0.12572365263912247,
        0.026841242305491845,
        0.06934326379926305,
        0.059114684260318115,
        0.09849751447663165,
        0.13329175202907054,
        0.03340708442679434,
        0.04926878077457834,
        0.04315463474872704,
        -0.006296101983766167,
        0.07126444055983815,
        0.10194023989193089,
        0.06681233864801174,
        0.03446268493966868,
        0.13309456096879124,
        0.021184486851354645,
        0.035944802630675884,
        0.0645795693879634,
        0.019936796296714923,
        0.0029795021958616244,
        -0.004830066544734505,
        0.0340301312542802,
        -0.01825913880763828,
        0.09769020354830653,
        -0.037583656590373216,
        -0.028288549848842687,
        0.0036845118807749726,
        0.0193863800902989,
        0.014519514634917251
      ]
    },
    "confident_cautious": {
      "mean": -0.11594309710462047,
      "std": 0.03882222440723218,
      "min": -0.18150847551626606,
      "max": -0.03326099181720153,
      "values": [
        -0.10214091836169868,
        -0.1462170601453854,
        -0.04420706268696494,
        -0.15357825573844958,
        -0.11172529937337304,
        -0.10586946995181448,
        -0.16964695483997222,
        -0.1474949643267231,
        -0.1385992046311335,
        -0.08740037634083107,
        -0.1019662290337884,
        -0.12021285035466357,
        -0.1027077013098493,
        -0.17660003425240464,
        -0.08469509051559698,
        -0.07198342744796206,
        -0.035009144977774534,
        -0.1336841436510731,
        -0.1071595458693891,
        -0.13576155295381648,
        -0.09254433002391536,
        -0.17049308269374744,
        -0.18150847551626606,
        -0.09350976936471007,
        -0.13674354870308317,
        -0.10668136746666376,
        -0.11181549122709121,
        -0.03326099181720153,
        -0.11227045791527349,
        -0.16280611164799816
      ]
    },
    "verbose_concise": {
      "mean": 0.1495447022453634,
      "std": 0.051163329793732004,
      "min": 0.021646570952675484,
      "max": 0.22668493097405618,
      "values": [
        0.1342307811524728,
        0.18443448795108536,
        0.15898949631898002,
        0.14918762193431506,
        0.18833651385305292,
        0.17216952499547036,
        0.10524077492168836,
        0.1428576671813413,
        0.22668493097405618,
        0.14263698538680417,
        0.15193365905908993,
        0.18871509940153153,
        0.19248830067394637,
        0.20015779419366123,
        0.21228703022206635,
        0.17473528067905827,
        0.10203440201930553,
        0.1423786787660171,
        0.2004168677364102,
        0.08355992757882874,
        0.1711216722149058,
        0.19781495716033265,
        0.037344913428890285,
        0.059576351395243324,
        0.19015917693569848,
        0.15796382949517043,
        0.1641272526221313,
        0.021646570952675484,
        0.15688519027584952,
        0.07622532788082252
      ]
    },
    "direct_evasive": {
      "mean": 0.3241347872380908,
      "std": 0.05557481929635278,
      "min": 0.23976011778012346,
      "max": 0.4694291522263413,
      "values": [
        0.28098544680358206,
        0.29671519024119813,
        0.3529981744414791,
        0.3830584663020625,
        0.2611198352371047,
        0.27891386537879137,
        0.3028176117177782,
        0.3923589768241853,
        0.2443015684057019,
        0.3045774879372998,
        0.28622719061829743,
        0.26669021914006913,
        0.2622833531302844,
        0.26912411165283634,
        0.3485499451787824,
        0.23976011778012346,
        0.31880859361431874,
        0.38583049992897583,
        0.3294752443266825,
        0.39044159824230223,
        0.30682628933468203,
        0.34469046149573596,
        0.38001547454747214,
        0.3968797955148658,
        0.2515359635744183,
        0.3681832785263607,
        0.3501268769582263,
        0.29844841190898735,
        0.3628704161537794,
        0.4694291522263413
      ]
    }
  }
}