{
  "model": "gemma_9b",
  "model_id": "google/gemma-2-9b-it",
  "timestamp": "2026-02-06T16:42:41.366770",
  "n_questions": 30,
  "axes": {
    "warm_cold": {
      "mean": 0.044978645789517685,
      "std": 0.04590229029903486,
      "min": -0.037583656590373216,
      "max": 0.13329175202907054,
      "values": [
        0.08446411422149919,
        0.12572365263912247,
        0.026841242305491845,
        0.06934326379926305,
        0.059114684260318115,
        0.09849751447663165,
        0.13329175202907054,
        0.03340708442679434,
        0.04926878077457834,
        0.04315463474872704,
        -0.006296101983766167,
        0.07126444055983815,
        0.10194023989193089,
        0.06681233864801174,
        0.03446268493966868,
        0.13309456096879124,
        0.021184486851354645,
        0.035944802630675884,
        0.0645795693879634,
        0.019936796296714923,
        0.0029795021958616244,
        -0.004830066544734505,
        0.0340301312542802,
        -0.01825913880763828,
        0.09769020354830653,
        -0.037583656590373216,
        -0.028288549848842687,
        0.0036845118807749726,
        0.0193863800902989,
        0.014519514634917251
      ]
    },
    "patient_irritated": {
      "mean": 0.29906603363113843,
      "std": 0.047899354442319166,
      "min": 0.21235188721464826,
      "max": 0.4322938450565139,
      "values": [
        0.31989171269031635,
        0.37764619564589563,
        0.28465654949178704,
        0.30518937580283084,
        0.2864453027435112,
        0.35396946080671743,
        0.30053690330806854,
        0.2669613147781592,
        0.26698946507471943,
        0.3265147059442959,
        0.31356377624843124,
        0.3115845393233161,
        0.3503193890943582,
        0.29988744468831635,
        0.2733530585589142,
        0.4322938450565139,
        0.2650685722457343,
        0.23148435095821315,
        0.38026171268155845,
        0.27208350103611856,
        0.2878701873471048,
        0.2575145131460425,
        0.2523898037874285,
        0.2293848392845354,
        0.33053287927530545,
        0.30426279315249666,
        0.32711272250359313,
        0.21235188721464826,
        0.3095381795799584,
        0.2423220274652643
      ]
    },
    "confident_cautious": {
      "mean": -0.11594309710462047,
      "std": 0.03882222440723218,
      "min": -0.18150847551626606,
      "max": -0.03326099181720153,
      "values": [
        -0.10214091836169868,
        -0.1462170601453854,
        -0.04420706268696494,
        -0.15357825573844958,
        -0.11172529937337304,
        -0.10586946995181448,
        -0.16964695483997222,
        -0.1474949643267231,
        -0.1385992046311335,
        -0.08740037634083107,
        -0.1019662290337884,
        -0.12021285035466357,
        -0.1027077013098493,
        -0.17660003425240464,
        -0.08469509051559698,
        -0.07198342744796206,
        -0.035009144977774534,
        -0.1336841436510731,
        -0.1071595458693891,
        -0.13576155295381648,
        -0.09254433002391536,
        -0.17049308269374744,
        -0.18150847551626606,
        -0.09350976936471007,
        -0.13674354870308317,
        -0.10668136746666376,
        -0.11181549122709121,
        -0.03326099181720153,
        -0.11227045791527349,
        -0.16280611164799816
      ]
    },
    "proactive_reluctant": {
      "mean": 0.22414883712067812,
      "std": 0.043071113855319865,
      "min": 0.12700465847299316,
      "max": 0.3020530801752394,
      "values": [
        0.24564017837685645,
        0.2737586562464273,
        0.18054799862513815,
        0.22353187433703428,
        0.2587588985861788,
        0.2687041889998472,
        0.2432275659062378,
        0.1974837364127871,
        0.2300301685241731,
        0.20818397989949006,
        0.20311373282023903,
        0.228272076873869,
        0.27112716103235995,
        0.2819734003448994,
        0.2402704474627768,
        0.3020530801752394,
        0.19895146434257296,
        0.2303307253136265,
        0.2585348545610006,
        0.1980734544736103,
        0.21614469274094397,
        0.2109908291978332,
        0.14396695188760467,
        0.15037406343085752,
        0.27701498103645195,
        0.21130775779492286,
        0.23510546588984751,
        0.12700465847299316,
        0.25998267733257563,
        0.15000539252195025
      ]
    },
    "empathetic_analytical": {
      "mean": -0.13238405428931516,
      "std": 0.0381004975496886,
      "min": -0.22589372535084876,
      "max": -0.05879303849800963,
      "values": [
        -0.09675802564340802,
        -0.06103430068615547,
        -0.14235991599667985,
        -0.08416036067889487,
        -0.14782680039133733,
        -0.0925879620697581,
        -0.05879303849800963,
        -0.09400924797562789,
        -0.11913077624920411,
        -0.13432382627653128,
        -0.13005396133725605,
        -0.14615401656010987,
        -0.12772111270648853,
        -0.09661784134601636,
        -0.1659384315871919,
        -0.0910795430243943,
        -0.13692622292299317,
        -0.11787633760881386,
        -0.1272587177151394,
        -0.12742612401228817,
        -0.1777161676449942,
        -0.1737219905946617,
        -0.11912995191436984,
        -0.15016532461481438,
        -0.15227735573624007,
        -0.22589372535084876,
        -0.20514210973511204,
        -0.1454013041052879,
        -0.1800397496152109,
        -0.14399738608161608
      ]
    },
    "formal_casual": {
      "mean": 0.11062445428539212,
      "std": 0.03613446225708297,
      "min": 0.007230900291125269,
      "max": 0.18687078308205143,
      "values": [
        0.09537326985907844,
        0.11179910463788695,
        0.125449608119574,
        0.07755030606979085,
        0.08511306914947335,
        0.10372709884204026,
        0.007230900291125269,
        0.08313878890692857,
        0.1133903440408783,
        0.13625028775498366,
        0.15137327137701118,
        0.08162152026371425,
        0.11256698886212109,
        0.0729711726073099,
        0.11785855931201217,
        0.09328424338856095,
        0.11133277672637218,
        0.1180017383175983,
        0.1607077513187871,
        0.10036592140438379,
        0.1660958433167058,
        0.12777035650974705,
        0.1202297884528295,
        0.15933250425744558,
        0.07093704786653841,
        0.18687078308205143,
        0.16196241759819116,
        0.07402281063936134,
        0.0849206522006728,
        0.10748470338859036
      ]
    },
    "verbose_concise": {
      "mean": 0.1495447022453634,
      "std": 0.051163329793732004,
      "min": 0.021646570952675484,
      "max": 0.22668493097405618,
      "values": [
        0.1342307811524728,
        0.18443448795108536,
        0.15898949631898002,
        0.14918762193431506,
        0.18833651385305292,
        0.17216952499547036,
        0.10524077492168836,
        0.1428576671813413,
        0.22668493097405618,
        0.14263698538680417,
        0.15193365905908993,
        0.18871509940153153,
        0.19248830067394637,
        0.20015779419366123,
        0.21228703022206635,
        0.17473528067905827,
        0.10203440201930553,
        0.1423786787660171,
        0.2004168677364102,
        0.08355992757882874,
        0.1711216722149058,
        0.19781495716033265,
        0.037344913428890285,
        0.059576351395243324,
        0.19015917693569848,
        0.15796382949517043,
        0.1641272526221313,
        0.021646570952675484,
        0.15688519027584952,
        0.07622532788082252
      ]
    },
    "direct_evasive": {
      "mean": 0.3241347872380908,
      "std": 0.05557481929635278,
      "min": 0.23976011778012346,
      "max": 0.4694291522263413,