{
  "model": "gpt_oss_20b",
  "model_id": "openai/gpt-oss-20b",
  "timestamp": "2026-02-07T02:41:42.233307",
  "n_questions": 30,
  "axes": {
    "warm_cold": {
      "mean": -0.5529658614759423,
      "std": 0.14199421372393511,
      "min": -0.6698432539480099,
      "max": -0.08890580954470573,
      "values": [
        -0.5669344031071681,
        -0.410603285845936,
        -0.6017733349090317,
        -0.6243797748823242,
        -0.6065229022458831,
        -0.6128830962902106,
        -0.6038765335037775,
        -0.5756117147512939,
        -0.6544658772818578,
        -0.5482198972112294,
        -0.6285853746780319,
        -0.21200986310869077,
        -0.6327596586451449,
        -0.6287284706170267,
        -0.5389662873325498,
        -0.08890580954470573,
        -0.6015466576034406,
        -0.6311455161559864,
        -0.641480754457028,
        -0.6008679667580304,
        -0.5473741886133147,
        -0.6463455089504462,
        -0.2870098771536949,
        -0.6425241079777744,
        -0.3038462669729118,
        -0.5482767658860731,
        -0.6698432539480099,
        -0.6323608892629713,
        -0.6608406781304951,
        -0.6402871284532339
      ]
    },
    "confident_cautious": {
      "mean": 0.8015640530587854,
      "std": 0.15408613943157642,
      "min": 0.4021431456160651,
      "max": 0.9729033386509536,
      "values": [
        0.8531527065160331,
        0.5109084973817783,
        0.7932144407130667,
        0.8641023090291045,
        0.8912354327287247,
        0.8884895310334565,
        0.9729033386509536,
        0.7761404945668792,
        0.9405483156835477,
        0.8486620131185633,
        0.880122198939431,
        0.41937676728470297,
        0.9452671495725986,
        0.8961776906337056,
        0.8081768511390757,
        0.4021431456160651,
        0.89188607815203,
        0.8570688266781207,
        0.8844685073242231,
        0.847832445909263,
        0.7670605942885791,
        0.8901786378940986,
        0.5771545929351312,
        0.8239501910883438,
        0.5003236610097977,
        0.8021825148751199,
        0.8614667120063246,
        0.9060204428124974,
        0.781466004154616,
        0.9652415000277259
      ]
    },
    "verbose_concise": {
      "mean": 0.702181535601301,
      "std": 0.14472055897442182,
      "min": 0.30599358762180057,
      "max": 0.8751533711851853,
      "values": [
        0.8751533711851853,
        0.51557883072772,
        0.7629788871150341,
        0.8037454125077174,
        0.8643318199438574,
        0.8018248656182542,
        0.7815327799164846,
        0.7018450450171769,
        0.7932821801998029,
        0.7065454120897673,
        0.8120081512765568,
        0.30599358762180057,
        0.7557249785319773,
        0.6002600301332647,
        0.6848345324893946,
        0.33716145158327554,
        0.7500871788500839,
        0.699308381233589,
        0.7645076790695708,
        0.7166520292095685,
        0.6394751889461857,
        0.8659424981568771,
        0.4720639511979196,
        0.8279136252511452,
        0.48079979873976225,
        0.6811635470302685,
        0.7411828734917004,
        0.7441026669996336,
        0.7228480716874262,
        0.8565972422180286
      ]
    },
    "direct_evasive": {
      "mean": 1.0,
      "std": 0.0,
      "min": 1.0,
      "max": 1.0,
      "values": [
        1.0,
        1.0,
        1.0,
        1.0,
        1.0,
        1.0,
        1.0,
        1.0,
        1.0,
        1.0,
        1.0,
        1.0,
        1.0,
        1.0,
        1.0,
        1.0,
        1.0,
        1.0,
        1.0,
        1.0,
        1.0,
        1.0,
        1.0,
        1.0,
        1.0,
        1.0,
        1.0,
        1.0,
        1.0,
        1.0
      ]
    }
  }
}