{
  "model": "gpt_oss_20b",
  "model_id": "openai/gpt-oss-20b",
  "timestamp": "2026-02-07T04:00:24.277285",
  "n_questions": 30,
  "axes": {
    "warm_cold": {
      "mean": -0.5529658614759423,
      "std": 0.14199421372393511,
      "min": -0.6698432539480099,
      "max": -0.08890580954470573,
      "values": [
        -0.5669344031071681,
        -0.410603285845936,
        -0.6017733349090317,
        -0.6243797748823242,
        -0.6065229022458831,
        -0.6128830962902106,
        -0.6038765335037775,
        -0.5756117147512939,
        -0.6544658772818578,
        -0.5482198972112294,
        -0.6285853746780319,
        -0.21200986310869077,
        -0.6327596586451449,
        -0.6287284706170267,
        -0.5389662873325498,
        -0.08890580954470573,
        -0.6015466576034406,
        -0.6311455161559864,
        -0.641480754457028,
        -0.6008679667580304,
        -0.5473741886133147,
        -0.6463455089504462,
        -0.2870098771536949,
        -0.6425241079777744,
        -0.3038462669729118,
        -0.5482767658860731,
        -0.6698432539480099,
        -0.6323608892629713,
        -0.6608406781304951,
        -0.6402871284532339
      ]
    },
    "confident_cautious": {
      "mean": 0.8015640530587854,
      "std": 0.15408613943157642,
      "min": 0.4021431456160651,
      "max": 0.9729033386509536,
      "values": [
        0.8531527065160331,
        0.5109084973817783,
        0.7932144407130667,
        0.8641023090291045,
        0.8912354327287247,
        0.8884895310334565,
        0.9729033386509536,
        0.7761404945668792,
        0.9405483156835477,
        0.8486620131185633,
        0.880122198939431,
        0.41937676728470297,
        0.9452671495725986,
        0.8961776906337056,
        0.8081768511390757,
        0.4021431456160651,
        0.89188607815203,
        0.8570688266781207,
        0.8844685073242231,
        0.847832445909263,
        0.7670605942885791,
        0.8901786378940986,
        0.5771545929351312,
        0.8239501910883438,
        0.5003236610097977,
        0.8021825148751199,
        0.8614667120063246,
        0.9060204428124974,
        0.781466004154616,
        0.9652415000277259
      ]
    },
    "verbose_concise": {
      "mean": 0.702181535601301,
      "std": 0.14472055897442182,
      "min": 0.30599358762180057,
      "max": 0.8751533711851853,
      "values": [
        0.8751533711851853,
        0.51557883072772,
        0.7629788871150341,
        0.8037454125077174,
        0.8643318199438574,
        0.8018248656182542,
        0.7815327799164846,
        0.7018450450171769,
        0.7932821801998029,
        0.7065454120897673,
        0.8120081512765568,
        0.30599358762180057,
        0.7557249785319773,
        0.6002600301332647,
        0.6848345324893946,
        0.33716145158327554,
        0.7500871788500839,
        0.699308381233589,
        0.7645076790695708,
        0.7166520292095685,
        0.6394751889461857,
        0.8659424981568771,
        0.4720639511979196,
        0.8279136252511452,
        0.48079979873976225,
        0.6811635470302685,
        0.7411828734917004,
        0.7441026669996336,
        0.7228480716874262,
        0.8565972422180286
      ]
    },
    "direct_evasive": {
      "mean": 1.0,
      "std": 0.0,
      "min": 1.0,
      "max": 1.0,
      "values": [
        1.0,
        1.0,
        1.0,
        1.0,
        1.0,
        1.0,
        1.0,
        1.0,
        1.0,
        1.0,
        1.0,
        1.0,
        1.0,
        1.0,
        1.0,
        1.0,
        1.0,
        1.0,
        1.0,
        1.0,
        1.0,
        1.0,
        1.0,
        1.0,
        1.0,
        1.0,
        1.0,
        1.0,
        1.0,
        1.0
      ]
    },
    "patient_irritated": {
      "mean": -0.4921109728216348,
      "std": 0.12370596577318851,
      "min": -0.5970922321859491,
      "max": -0.15092570347373785,
      "values": [
        -0.5479688149430707,
        -0.37252781986893707,
        -0.5318290106197388,
        -0.5569002170153015,
        -0.5970922321859491,
        -0.5435097120289549,
        -0.5838475610402624,
        -0.5217619336511572,
        -0.5931864508516096,
        -0.47569620889862935,
        -0.5705401617021706,
        -0.21197775806831784,
        -0.5394709862085594,
        -0.5495941011807278,
        -0.517649615753762,
        -0.15092570347373785,
        -0.5808613430900837,
        -0.5448111685766619,
        -0.5540059431279631,
        -0.5485409795317202,
        -0.44606545468986,
        -0.560095917666731,
        -0.2158489683122736,
        -0.5504652374183059,
        -0.21707640313782745,
        -0.48171863708148555,
        -0.527952874800988,
        -0.5391528032834833,
        -0.5451547005657921,
        -0.587100465874981
      ]
    },
    "proactive_reluctant": {
      "mean": -1.0,
      "std": 0.0,
      "min": -1.0,
      "max": -1.0,
      "values": [
        -1.0,
        -1.0,
        -1.0,
        -1.0,
        -1.0,
        -1.0,
        -1.0,
        -1.0,
        -1.0,
        -1.0,
        -1.0,
        -1.0,
        -1.0,
        -1.0,
        -1.0,
        -1.0,
        -1.0,
        -1.0,
        -1.0,
        -1.0,
        -1.0,
        -1.0,
        -1.0,
        -1.0,
        -1.0,
        -1.0,
        -1.0,
        -1.0,
        -1.0,
        -1.0
      ]
    },
    "empathetic_analytical": {
      "mean": -0.07601805802706342,
      "std": 0.08824034340898856,
      "min": -0.19210594495062341,
      "max": 0.16573323322683176,
      "values": [
        0.007955639985238386,
        -0.018898156340304412,
        -0.12257514860061725,
        -0.10401370374372207,
        -0.045980335334202364,
        -0.04459054337993037,
        -0.07469084899923342,
        -0.08391072372583534,
        -0.16694793547994502,
        -0.04831160259885394,
        -0.1265694978122209,
        0.046293099096897786,
        -0.10510645839335839,
        -0.18975800097514847,
        0.02160320395328208,
        0.16573323322683176,
        -0.13966435018761683,
        -0.1668614129392109,
        -0.1625336105753567,
        -0.13979963735832543,
        -0.1292929042185206,
        -0.08659385923065446,
        0.08571217778730213,
        -0.046049874921516326,
        0.08112730277769602,
        -0.09742092212672297,
        -0.1629749061573605,
        -0.17471860718849372,
        -0.19210594495062341,
        -0.05959741240137682
      ]
    },
    "formal_casual": {
      "mean": 0.48236209661770574,
      "std": 0.10163622265077456,
      "min": 0.13533489090207337,
      "max": 0.6104996396801161,
      "values": [
        0.44694162835844586,
        0.36216561277329723,
        0.5296073002793545,
        0.5387195714281736,
        0.4976088825790119,
        0.5138537538703062,
        0.5114920889957328,
        0.4896769767944653,
        0.6104996396801161,
        0.4311073142466341,
        0.5351236840779211,
        0.29612364428689314,
        0.538849633298282,
        0.5958761943932736,
        0.42932999364151947,
        0.13533489090207337,
        0.5353751849317215,
        0.566404929129305,
        0.5665390509417674,
        0.5119965637797632,
        0.49616569882251793,
        0.5257657684523257,
        0.35453439422381583,
        0.5196731602690089,
        0.312985087885626,
        0.41822536865758636,
        0.5661411406623617,
        0.5537580290524804,
        0.5679612164126223,
        0.5130264957047697
      ]
    }
  }
}