{
  "model": "llama_8b_base",
  "model_id": "meta-llama/Llama-3.1-8B",
  "timestamp": "2026-02-07T23:46:32.867506",
  "n_questions": 30,
  "axes": {
    "warm_cold": {
      "mean": -0.3422387985635739,
      "std": 0.3296098084530084,
      "min": -0.9882432636108226,
      "max": 0.20850922574482733,
      "values": [
        -0.7846102094031903,
        -0.01764609020445266,
        -0.29288424875457325,
        -0.7644273162025789,
        -0.04658487648377915,
        -0.9882432636108226,
        -0.6533364524507465,
        -0.11159136531547596,
        -0.2753652309286915,
        -0.5560288896772305,
        -0.9216005354939995,
        -0.03565234645494744,
        -0.4143703349035001,
        -0.2845307496362567,
        -0.36342631688544386,
        -0.15847362416102717,
        -0.38724869773529996,
        -0.17962667349852318,
        -0.6104438951835193,
        0.20850922574482733,
        -0.24434812486085206,
        -0.11626517206089092,
        -0.17742233293338486,
        -0.4318630474401356,
        0.15252251730759153,
        -0.6384333325659052,
        0.18259048403684916,
        0.007690431705364301,
        -0.4180654812528187,
        -0.945988007603806
      ]
    },
    "patient_irritated": {
      "mean": -0.03620200310452068,
      "std": 0.21687872297400113,
      "min": -0.7154725341917665,
      "max": 0.29773600410269374,
      "values": [
        -0.12893351395790895,
        0.05095897974671264,
        -0.24139878837589634,
        -0.495438255167812,
        0.05023553801377138,
        -0.22882603022404613,
        -0.7154725341917665,
        0.05283535281066731,
        -0.06869818186005991,
        0.0475289348491282,
        -0.28999481135651733,
        0.14895781035305186,
        -0.0403740089791128,
        -0.1738818533907929,
        -0.00527438145121494,
        0.1263542191962029,
        -0.043141604002197353,
        -0.08738808246530287,
        0.06027781172762062,
        0.23814040041268716,
        0.12793863530409463,
        0.11958947705993078,
        0.29773600410269374,
        -0.02698763879814941,
        0.1666006630088613,
        0.04424753498184042,
        0.2075119812171005,
        0.16179699643256978,
        -0.14736094331919258,
        -0.2935998048125834
      ]
    },
    "confident_cautious": {
      "mean": -0.26060705843872894,
      "std": 0.22991870910207182,
      "min": -0.7939904478833915,
      "max": 0.08500593650210116,
      "values": [
        -0.4809213637593683,
        -0.08330890093618386,
        -0.3300284000473247,
        -0.7605607491828575,
        -0.12145421865502885,
        -0.6576357586860618,
        -0.7939904478833915,
        -0.06571381387295278,
        -0.247129062616859,
        -0.22744584338139434,
        -0.48167776986022337,
        -0.0254309703735319,
        -0.2754013151949879,
        -0.2226326611429485,
        -0.23521979008958277,
        -0.04355440208338948,
        -0.2074744502009517,
        -0.1288890470181519,
        -0.3162156108662563,
        0.058469477400056404,
        -0.18681136825179212,
        -0.1955166456163027,
        -0.1385755774613703,
        -0.4172010065196949,
        0.08500593650210116,
        -0.3680390781456913,
        0.08312449337832127,
        -0.0885099593628392,
        -0.30864891172921904,
        -0.636824537503991
      ]
    },
    "proactive_reluctant": {
      "mean": -0.4551013336530947,
      "std": 0.30714932653140536,
      "min": -1.0,
      "max": 0.03863462567469342,
      "values": [
        -0.7216039403720711,
        -0.1403380208071421,
        -0.4305602285975894,
        -1.0,
        -0.18250825669415585,
        -0.9468370042207658,
        -1.0,
        -0.10200966623844772,
        -0.46931464884840457,
        -0.44215256259451957,
        -0.8928982190577428,
        -0.1745879946040164,
        -0.4782890320321093,
        -0.30020209649378293,
        -0.43583926737926154,
        -0.28637493432772526,
        -0.39696160427597915,
        -0.2352519701089279,
        -0.6426702796334812,
        -0.010243437849232342,
        -0.43486954412988676,
        -0.3460066161396135,
        -0.32453207752734636,
        -0.8902941152713434,
        0.03863462567469342,
        -0.6293913691417088,
        0.01595937243505801,
        -0.3423617422091898,
        -0.4593252484023427,
        -0.9922101307458057
      ]
    },
    "empathetic_analytical": {
      "mean": 0.005450364310277234,
      "std": 0.14365380506262954,
      "min": -0.2554822551489144,
      "max": 0.40973360764952144,
      "values": [
        -0.1308927828866547,
        0.11961555527779955,
        0.09731145324355828,
        0.18853161374645616,
        0.03901725499547241,
        -0.0893218226549995,
        0.40973360764952144,
        -0.022258885523017108,
        -0.1070962841075106,
        -0.2554822551489144,
        -0.09280116669882936,
        0.13484038178613642,
        -0.08587435584858344,
        -0.10467559883516303,
        -0.08237359743429748,
        -0.09034228717647047,
        -0.08590693833461262,
        -0.010159972752417496,
        -0.10167026246069019,
        0.20674752053225556,
        -0.04053247660806205,
        0.2550274100919344,
        -0.06593669035569899,
        0.16077552684136937,
        -0.009079728335815372,
        -0.18007582389813115,
        0.10496561721575544,
        0.13662610150514362,
        -0.07314090571130277,
        -0.062059278805914955
      ]
    },
    "formal_casual": {
      "mean": 0.06326519442388974,
      "std": 0.1252840327622915,
      "min": -0.15486486576345135,
      "max": 0.31119934219426093,
      "values": [
        -0.05033585371677074,
        -0.09288187528663154,
        -0.06373933138460253,
        0.11015254875827114,
        -0.008973959362583413,
        -0.15486486576345135,
        -0.14747610477430734,
        0.1622928486483667,
        0.06500249461647012,
        0.16212389838422414,
        0.04418826052814387,
        0.31119934219426093,
        -0.005321525516674449,
        0.14976270493310667,
        -0.04595572902542888,
        0.14470065953046352,
        -0.058408436770044155,
        -0.06407408896627291,
        0.031114509129922245,
        0.08922942845333987,
        0.2365160732887357,
        0.0019322368241963459,
        0.14746915392708324,
        0.2568932144146233,
        0.09901662655123897,
        0.035155759239276003,
        0.19078764424046982,
        0.23631937158522748,
        0.21049862614270787,
        -0.09436779810666818
      ]
    },
    "verbose_concise": {
      "mean": -0.41755742504655363,
      "std": 0.411092357317178,
      "min": -1.0,
      "max": 0.28433002033917,
      "values": [
        -0.7926486081398791,
        0.06162369053181045,
        -0.35641835949101575,
        -0.9920590095683149,
        -0.23360613463599086,
        -1.0,
        -0.9026563913873326,
        0.16841123522848436,
        -0.3273079603150021,
        -0.5139309922841049,
        -1.0,
        0.20216636015429623,
        -0.6399210231408197,
        -0.2954459714145051,
        -0.6519313712123672,
        -0.13881558318522633,
        -0.5939680869415119,
        -0.17479203323980305,
        -0.6240061095527829,
        0.2201018450935316,
        -0.41790452744376283,
        0.023498827648237602,
        -0.3137147487445133,
        -0.7075162298763659,
        0.2412259116807106,
        -0.9792499786735825,
        0.28433002033917,
        -0.39792717686090223,
        -0.6742603459650648,
        -1.0
      ]
    },
    "direct_evasive": {
      "mean": 0.3412617918182426,
      "std": 0.2623208481596234,
      "min": -0.04023432763159521,
      "max": 1.0,