{
  "model": "llama_8b",
  "timestamp": "2026-01-26T23:40:45.210235",
  "num_samples": 30,
  "baseline": {
    "warm_cold": {
      "mean": 0.03141231536865234,
      "std": 0.0581018408057756,
      "min": -0.08734130859375,
      "max": 0.1854248046875
    },
    "patient_irritated": {
      "mean": 0.011574411392211914,
      "std": 0.03427022586365045,
      "min": -0.0523681640625,
      "max": 0.092529296875
    },
    "confident_cautious": {
      "mean": -0.003659820556640625,
      "std": 0.09707447393334102,
      "min": -0.1561279296875,
      "max": 0.232177734375
    },
    "proactive_reluctant": {
      "mean": 0.021641318003336588,
      "std": 0.05038154153808152,
      "min": -0.143310546875,
      "max": 0.070068359375
    },
    "empathetic_analytical": {
      "mean": -0.006148687998453776,
      "std": 0.08391127121603707,
      "min": -0.2327880859375,
      "max": 0.22802734375
    },
    "formal_casual": {
      "mean": -0.019800440470377604,
      "std": 0.05173248163439861,
      "min": -0.197509765625,
      "max": 0.08709716796875
    },
    "verbose_concise": {
      "mean": 0.02374919255574544,
      "std": 0.052529425924661456,
      "min": -0.150634765625,
      "max": 0.09716796875
    },
    "direct_evasive": {
      "mean": -0.020607121785481772,
      "std": 0.0589293139183442,
      "min": -0.098388671875,
      "max": 0.167236328125
    }
  }
}