{
  "model": "llama_1b",
  "model_id": "meta-llama/Llama-3.2-1B-Instruct",
  "timestamp": "2026-01-27T17:41:28.381240",
  "n_questions": 30,
  "axes": {
    "warm_cold": {
      "mean": -0.02071193492350479,
      "std": 0.06268314208556171,
      "min": -0.15643799304962158,
      "max": 0.1057075783610344,
      "values": [
        0.013418055139482021,
        0.05367147922515869,
        0.07864667475223541,
        -0.04929296299815178,
        0.1010361835360527,
        -0.03329910710453987,
        0.1057075783610344,
        -0.11047712713479996,
        -0.01659274846315384,
        -0.017456626519560814,
        0.006849606987088919,
        0.028095152229070663,
        0.06540779769420624,
        -0.029812440276145935,
        0.020531142130494118,
        0.016975047066807747,
        0.02912212908267975,
        -0.008995350450277328,
        -0.030389918014407158,
        -0.06946733593940735,
        -0.07438769936561584,
        -0.08777201175689697,
        -0.07784828543663025,
        -0.0394357331097126,
        -0.09327425062656403,
        -0.06652926653623581,
        -0.15643799304962158,
        -0.0845324695110321,
        -0.05982673540711403,
        -0.0349908322095871
      ]
    },
    "confident_cautious": {
      "mean": -0.2170184979836146,
      "std": 0.11728053097949012,
      "min": -0.5952873229980469,
      "max": 0.02218329720199108,
      "values": [
        -0.20214006304740906,
        0.009580367244780064,
        -0.10149569064378738,
        -0.18142607808113098,
        0.02218329720199108,
        -0.2844228446483612,
        -0.23783127963542938,
        -0.2868579626083374,
        -0.16216762363910675,
        -0.3201511800289154,
        -0.15885251760482788,
        -0.20714034140110016,
        -0.09272993355989456,
        -0.16803203523159027,
        -0.19930191338062286,
        -0.5952873229980469,
        -0.23191985487937927,
        -0.2616589665412903,
        -0.10180224478244781,
        -0.2922046184539795,
        -0.28874894976615906,
        -0.28622305393218994,
        -0.3082748055458069,
        -0.2539549171924591,
        -0.24795860052108765,
        -0.19796313345432281,
        -0.276396244764328,
        -0.32836806774139404,
        -0.013293883763253689,
        -0.255714476108551
      ]
    },
    "verbose_concise": {
      "mean": 0.016506467623791345,
      "std": 0.05222478391321797,
      "min": -0.10696724057197571,
      "max": 0.1331741064786911,
      "values": [
        -0.020107964053750038,
        0.036125537008047104,
        0.0902390107512474,
        0.055840861052274704,
        0.1331741064786911,
        0.004529683385044336,
        0.07488159835338593,
        0.09134625643491745,
        0.054373789578676224,
        0.006121276877820492,
        0.05064605176448822,
        0.06956110149621964,
        0.0319061316549778,
        0.05378543958067894,
        -0.05841365456581116,
        -0.01847746968269348,
        0.006816272158175707,
        -0.067853644490242,
        -0.05207885801792145,
        -0.05744270980358124,
        -0.015424192883074284,
        0.009020795114338398,
        -0.10696724057197571,
        0.023591192439198494,
        0.020025890320539474,
        0.007393906824290752,
        0.0532820001244545,
        0.0012581549817696214,
        0.029236333444714546,
        -0.01119562704116106
      ]
    },
    "direct_evasive": {
      "mean": -0.002291060265512594,
      "std": 0.06079987224607089,
      "min": -0.10853636264801025,
      "max": 0.11583472788333893,
      "values": [
        0.052065566182136536,
        0.00038386479718610644,
        -0.07095348089933395,
        -0.06449422985315323,
        -0.08397820591926575,
        0.062265388667583466,
        -0.03573891147971153,
        -7.200221443781629e-05,
        -0.034438684582710266,
        -0.0027901900466531515,
        -0.02042219042778015,
        -0.07671016454696655,
        -0.005180967040359974,
        -0.0847955122590065,
        0.08656461536884308,
        -0.0623805858194828,
        0.014415212906897068,
        0.09294264763593674,
        0.11583472788333893,
        0.02399173378944397,
        0.03449395298957825,
        0.0046292757615447044,
        0.11570146679878235,
        0.013187667354941368,
        -0.03526991605758667,
        -0.050686292350292206,
        -0.10853636264801025,
        -0.03929685801267624,
        0.013643944635987282,
        0.0768926814198494
      ]
    }
  }
}