{
  "model": "mistral_7b_base",
  "model_id": "mistralai/Mistral-7B-v0.3",
  "timestamp": "2026-02-08T01:08:49.161212",
  "n_questions": 30,
  "axes": {
    "warm_cold": {
      "mean": 0.1513414128990155,
      "std": 0.27737373831331363,
      "min": -0.50758749332385,
      "max": 0.5820791566122598,
      "values": [
        -0.04837213317431054,
        0.3240122726326807,
        -0.2027840924914532,
        -0.50758749332385,
        0.19696977433526194,
        0.033125688616451106,
        0.07402687192019974,
        -0.20593836360304307,
        -0.3653968768651161,
        0.3338438197096469,
        0.4755269896844411,
        0.5624283260828183,
        0.29884147323233173,
        0.24618454672272586,
        0.326009638004785,
        0.034793090022874784,
        0.5820791566122598,
        0.16281164461915973,
        0.24100657689262453,
        0.22692361026210287,
        0.4356004635114918,
        0.07820485466055302,
        0.014010745031019055,
        0.21064293523029157,
        0.5736805806108217,
        0.027352247350438355,
        0.23642359352782982,
        -0.04449613103829932,
        -0.29553557912703465,
        0.5158541573207628
      ]
    },
    "patient_irritated": {
      "mean": 0.2889152591820691,
      "std": 0.1796391387529691,
      "min": -0.026623007242618776,
      "max": 0.7289714983983722,
      "values": [
        0.29744475483142585,
        0.06362818557241831,
        0.3144182825689043,
        0.2745726532363606,
        0.20303524425094596,
        0.20795388838023954,
        0.34125112602489277,
        0.13764741440337522,
        0.14412618169228855,
        0.27250020898461275,
        0.2680457670891,
        0.22166254838250066,
        0.3240988215231316,
        -0.026623007242618776,
        0.18944143389047174,
        0.6276072648371049,
        0.3362972854484422,
        0.19675727205379218,
        0.034566052669638414,
        0.3211341372902627,
        0.532259998164287,
        0.7289714983983722,
        0.1364122967345245,
        0.6410843442719018,
        0.21292140936090426,
        0.47437997962889183,
        0.2341056522731569,
        0.5751810700356467,
        0.23855459643613508,
        0.14402141427096388
      ]
    },
    "confident_cautious": {
      "mean": 0.06571171172318303,
      "std": 0.15520603610247108,
      "min": -0.2409811685253319,
      "max": 0.3097969495813513,
      "values": [
        -0.2409811685253319,
        0.09250354275391692,
        -0.03669327372922157,
        -0.15592515029502618,
        -0.11328881748375436,
        -0.20106348219503742,
        -0.004401071530335862,
        -0.06959638901935085,
        -0.0916018254328063,
        0.01951468975713406,
        0.27051324304113944,
        0.3097969495813513,
        0.16387574203520391,
        0.12610179372790967,
        0.0730049624053962,
        0.0657421710023307,
        0.03801568395062558,
        0.06675860747578294,
        0.09972378179472609,
        0.2691384824925272,
        0.2181863343343277,
        -0.14696233321102722,
        0.22324918331093885,
        0.22891606159955888,
        0.16176945261136605,
        0.11261863878135737,
        0.2863795403054496,
        0.12901061314277149,
        -0.15023511604422077,
        0.22728050505778918
      ]
    },
    "proactive_reluctant": {
      "mean": -0.17607186299375155,
      "std": 0.11441314491629544,
      "min": -0.4284549197837821,
      "max": 0.002246526728022249,
      "values": [
        -0.3287951155561182,
        -0.20300517526431758,
        0.002246526728022249,
        -0.4284549197837821,
        -0.2074607437619981,
        -0.3118007845408428,
        -0.12245049411975589,
        -0.08696379604504466,
        -0.2610191468047748,
        -0.040123204005502906,
        -0.09411022865088525,
        -0.17332284501561618,
        -0.11961401874601674,
        -0.10160689073728991,
        -0.08150462052099104,
        -0.396733108975091,
        -0.3245522621123189,
        -0.18459544649820342,
        -0.3286475926894971,
        -0.19393341983657636,
        -0.14751459400279998,
        -0.25368444346872226,
        -0.10839742497671774,
        -0.035246874540535975,
        -0.11697793189530178,
        -0.23335322606900438,
        -0.13584704915320633,
        -0.005786765166414703,
        -0.016645906020177695,
        -0.2422543875830658
      ]
    },
    "empathetic_analytical": {
      "mean": 0.12232860958140954,
      "std": 0.19295870503937343,
      "min": -0.36531621916055773,
      "max": 0.42042469009949873,
      "values": [
        -0.3089714327701621,
        0.23247120838564533,
        0.010506181879986582,
        -0.36531621916055773,
        0.1111916836812182,
        -0.2702843036514076,
        0.08890005571927001,
        -0.010531463658487433,
        0.06163250490603896,
        0.13482917629326466,
        0.32162489693037294,
        0.42042469009949873,
        0.29506293051503835,
        0.2458220366786521,
        0.22885882491877035,
        0.21393371106809872,
        0.23273167978858503,
        0.07359776443564325,
        0.2444545385263488,
        0.23690758998423028,
        0.28058219224177433,
        0.031347880051071524,
        0.0990724047936115,
        0.35387808121966563,
        0.2323435963381925,
        0.021695301676820752,
        0.3355028778612519,
        0.029795775237056066,
        -0.15563864931745175,
        0.24343277277024689
      ]
    },
    "formal_casual": {
      "mean": -0.20618921151310732,
      "std": 0.216752726579247,
      "min": -0.7638702619924721,
      "max": 0.1511398626290625,
      "values": [
        -0.2353356037857702,
        -0.15017728590646104,
        -0.5508826571826589,
        -0.3321954806484216,
        -0.3070078065440551,
        -0.20485346135800148,
        -0.4015012371063884,
        -0.35464428480254323,
        -0.4280299896450978,
        -0.16393066142433255,
        0.1511398626290625,
        0.021551714770574607,
        -0.3698370220602382,
        -0.0602474338289371,
        -0.1492568488629033,
        -0.6277189811490249,
        -0.1789277385506486,
        -0.07574671226537882,
        -0.012204910825245415,
        -0.040562950782563244,
        -0.003985604778830197,
        -0.7638702619924721,
        -0.022595258714328156,
        0.019468752527320277,
        -0.0753899195774801,
        -0.3193455747357725,
        0.056292707463570534,
        -0.3234576450378663,
        -0.365395504537645,
        0.0829714533193173
      ]
    },
    "verbose_concise": {
      "mean": 0.041424787081027266,
      "std": 0.32146993795821643,
      "min": -0.5724207713085467,
      "max": 0.4774883872993303,
      "values": [
        0.14365025155878225,
        0.34933938769632356,
        -0.027607656520419206,
        -0.38083264789295196,
        0.32080608826742296,
        0.2531370612640991,
        0.22966430978964547,
        -0.17219293352049964,
        -0.3702492339068545,
        0.17495992963100387,
        0.3202834479770211,
        0.38727840642246825,
        -0.27261712986868086,
        0.31275680921231874,
        0.3716060477896818,
        -0.3325488677908754,
        0.46173652623139255,
        0.37753697096759964,
        0.2773415049935521,
        -0.04909588813612976,
        0.13875717766355214,
        -0.4455199391795992,
        -0.13508026269016105,
        -0.36226100358850744,
        0.46743936252747165,
        -0.2282269970965005,
        -0.10827951437089546,
        -0.5724207713085467,
        -0.36410521099022564,
        0.4774883872993303
      ]
    },
    "direct_evasive": {
      "mean": -0.11452591424332763,
      "std": 0.23443080387380105,
      "min": -0.6727589362394775,
      "max": 0.24616794195032826,