{
  "model": "mistral_7b",
  "timestamp": "2026-01-26T21:37:50.401098",
  "num_samples": 30,
  "baseline": {
    "warm_cold": {
      "mean": 0.014908091227213541,
      "std": 0.08722639088977824,
      "min": -0.295654296875,
      "max": 0.11981201171875
    },
    "patient_irritated": {
      "mean": 0.04936014811197917,
      "std": 0.05307250204435577,
      "min": -0.12493896484375,
      "max": 0.134033203125
    },
    "confident_cautious": {
      "mean": -0.06230354309082031,
      "std": 0.13405587452766082,
      "min": -0.29443359375,
      "max": 0.277587890625
    },
    "proactive_reluctant": {
      "mean": 0.04827168782552083,
      "std": 0.09121999732477526,
      "min": -0.265625,
      "max": 0.1326904296875
    },
    "empathetic_analytical": {
      "mean": -0.0697845458984375,
      "std": 0.1167780831146938,
      "min": -0.34619140625,
      "max": 0.11907958984375
    },
    "formal_casual": {
      "mean": 0.08687096436818441,
      "std": 0.05926983515904893,
      "min": -0.0172119140625,
      "max": 0.2208251953125
    },
    "verbose_concise": {
      "mean": 0.08154678344726562,
      "std": 0.07803345464413732,
      "min": -0.12261962890625,
      "max": 0.18994140625
    },
    "direct_evasive": {
      "mean": -0.03397976557413737,
      "std": 0.12330297464627314,
      "min": -0.15625,
      "max": 0.38037109375
    }
  }
}