{
  "model": "qwen_1.5b",
  "model_id": "Qwen/Qwen2.5-1.5B-Instruct",
  "timestamp": "2026-01-27T17:24:54.196293",
  "n_questions": 30,
  "axes": {
    "warm_cold": {
      "mean": 0.21679223887622356,
      "std": 0.11366002211784551,
      "min": -0.06208069995045662,
      "max": 0.4328765571117401,
      "values": [
        0.4328765571117401,
        0.26895755529403687,
        0.2605954706668854,
        0.22955381870269775,
        0.3571096658706665,
        0.3984966576099396,
        0.27535372972488403,
        0.14211547374725342,
        0.1768152117729187,
        0.36941197514533997,
        0.144060418009758,
        0.06084832549095154,
        0.25790855288505554,
        0.05509766936302185,
        0.27554479241371155,
        0.2299102246761322,
        0.13048964738845825,
        0.13796237111091614,
        0.31319916248321533,
        0.08552463352680206,
        0.22368378937244415,
        0.13704973459243774,
        0.10265690833330154,
        0.17561151087284088,
        0.23083831369876862,
        0.1438286304473877,
        -0.06208069995045662,
        0.2420823574066162,
        0.30207425355911255,
        0.4061904549598694
      ]
    },
    "confident_cautious": {
      "mean": -0.2788898665457964,
      "std": 0.21242169986268444,
      "min": -0.6574828624725342,
      "max": 0.16492031514644623,
      "values": [
        -0.4431416690349579,
        -0.09069133549928665,
        -0.42514532804489136,
        -0.5256074070930481,
        -0.42486584186553955,
        -0.6509237885475159,
        -0.3700772821903229,
        -0.1671639382839203,
        -0.2208491861820221,
        -0.5689942836761475,
        0.07613509148359299,
        -0.1109745055437088,
        -0.1629929542541504,
        -0.04784483462572098,
        -0.4674803614616394,
        -0.1837294101715088,
        -0.5156990885734558,
        -0.06956624984741211,
        -0.24856442213058472,
        -0.05206713452935219,
        -0.22268536686897278,
        -0.13173799216747284,
        -0.21506553888320923,
        0.16492031514644623,
        -0.4321793019771576,
        -0.5319904685020447,
        -0.034723833203315735,
        -0.2749309837818146,
        -0.6574828624725342,
        -0.3605760335922241
      ]
    },
    "verbose_concise": {
      "mean": 0.5275194048881531,
      "std": 0.09523591968294465,
      "min": 0.31720179319381714,
      "max": 0.6782062649726868,
      "values": [
        0.5572640895843506,
        0.4815796911716461,
        0.5719009637832642,
        0.649552583694458,
        0.5451065301895142,
        0.6742265820503235,
        0.5375767946243286,
        0.4526541233062744,
        0.523067831993103,
        0.6782062649726868,
        0.32495686411857605,
        0.5276749730110168,
        0.5097250938415527,
        0.31720179319381714,
        0.5868703722953796,
        0.5320046544075012,
        0.6239234805107117,
        0.45532354712486267,
        0.5518841743469238,
        0.5154896378517151,
        0.501043975353241,
        0.5188562273979187,
        0.5638439655303955,
        0.3484687805175781,
        0.536626398563385,
        0.6515670418739319,
        0.3918100595474243,
        0.4489000141620636,
        0.6726785898208618,
        0.5755970478057861
      ]
    },
    "direct_evasive": {
      "mean": 0.20041116154752672,
      "std": 0.21589013837062102,
      "min": -0.1780664473772049,
      "max": 0.6393280625343323,
      "values": [
        -0.09877508133649826,
        0.3961848020553589,
        -0.035254016518592834,
        0.19536489248275757,
        0.26091068983078003,
        -0.04665520787239075,
        0.10904978215694427,
        0.6152334809303284,
        0.41255301237106323,
        0.09002785384654999,
        0.4711455702781677,
        0.6393280625343323,
        0.2459534853696823,
        0.25041094422340393,
        0.06227683275938034,
        0.11905402690172195,
        0.10487301647663116,
        0.24385924637317657,
        0.039476267993450165,
        0.5322075486183167,
        0.21625947952270508,
        -0.002342532854527235,
        0.4732248783111572,
        0.4685250520706177,
        -0.06854160875082016,
        -0.1780664473772049,
        0.27978694438934326,
        0.11180684715509415,
        0.11544950306415558,
        -0.01099247857928276
      ]
    }
  }
}