{
  "model": "qwen_7b_base",
  "model_id": "Qwen/Qwen2.5-7B",
  "timestamp": "2026-02-08T00:26:38.570748",
  "n_questions": 30,
  "axes": {
    "warm_cold": {
      "mean": -0.24337366713562858,
      "std": 0.09135038039108802,
      "min": -0.4266398685669185,
      "max": -0.05688429707075355,
      "values": [
        -0.05688429707075355,
        -0.1888144098784061,
        -0.16734007001578402,
        -0.22914018720791504,
        -0.23185684835411405,
        -0.2150114300800741,
        -0.34939660576744797,
        -0.3220567487496325,
        -0.1642657813159227,
        -0.09559056903380392,
        -0.3377572218519986,
        -0.306299692430573,
        -0.263579417887364,
        -0.3523243006877546,
        -0.22324908146428066,
        -0.33283642817399456,
        -0.2079794517147571,
        -0.337372131616094,
        -0.17160676891686408,
        -0.2412847475236148,
        -0.32798126381930187,
        -0.11806742293920006,
        -0.22731905457662085,
        -0.16034034768800887,
        -0.11691456692926866,
        -0.20243334141175884,
        -0.29146914123453804,
        -0.4091164788401205,
        -0.2262823383219728,
        -0.4266398685669185
      ]
    },
    "patient_irritated": {
      "mean": -0.3484855665988011,
      "std": 0.14325667167159006,
      "min": -0.5280337861662264,
      "max": 0.04284368463707987,
      "values": [
        -0.22287110013441652,
        -0.3952991030532827,
        -0.3794796623451934,
        -0.3334544388542789,
        -0.3096143720790691,
        0.04284368463707987,
        -0.4100658782687272,
        -0.34259862460891755,
        -0.32908910452611767,
        -0.24082324216650103,
        -0.515828492666647,
        -0.47354343971786894,
        -0.3310178474597934,
        -0.4287765720000674,
        -0.47038262689520677,
        -0.4893594813892177,
        -0.49925252349545707,
        -0.4397475619579452,
        -0.5280337861662264,
        -0.4843977617861012,
        -0.13685654929514943,
        -0.3412764316886401,
        0.02461839763111742,
        -0.47725538206916995,
        -0.345747880706662,
        -0.5035508482421627,
        -0.33545113015098627,
        -0.30177794143150544,
        -0.26858168612438504,
        -0.18789561095253482
      ]
    },
    "confident_cautious": {
      "mean": 0.3905462087964935,
      "std": 0.079210305452324,
      "min": 0.2543261066525188,
      "max": 0.5402375002886822,
      "values": [
        0.355113079943262,
        0.4992343607912911,
        0.4093361708381658,
        0.30400278303510664,
        0.3831470146333797,
        0.2543261066525188,
        0.45466195852964164,
        0.4025641034698587,
        0.35164513163284233,
        0.273962913811712,
        0.44411383692797085,
        0.4955131836292302,
        0.44414488428981436,
        0.5031557991655382,
        0.3801239257548359,
        0.39869139379636476,
        0.37892556632722285,
        0.4085917215493867,
        0.3507504100576497,
        0.5298790616467615,
        0.4735450556555944,
        0.2838405957030203,
        0.27893253479875096,
        0.42356193455577007,
        0.3275479871490272,
        0.3573841581829098,
        0.27690553923219396,
        0.31687477866701397,
        0.41567277317928775,
        0.5402375002886822
      ]
    },
    "proactive_reluctant": {
      "mean": -0.6200220528561172,
      "std": 0.1806304396789325,
      "min": -0.967717084893459,
      "max": -0.27134588858097947,
      "values": [
        -0.27213530340122527,
        -0.766090507521582,
        -0.6008740368006439,
        -0.32774781263771086,
        -0.6310319149851403,
        -0.6082773249417134,
        -0.8223090401415513,
        -0.6655643743613323,
        -0.5556015879585862,
        -0.33627513208293863,
        -0.657752004305421,
        -0.6594824891528052,
        -0.5560161663590228,
        -0.644389617664462,
        -0.7366399075443327,
        -0.6777522337239502,
        -0.7098755595661314,
        -0.6575610133798798,
        -0.6647935281032918,
        -0.967717084893459,
        -0.9637132536040217,
        -0.5402140570468291,
        -0.6404043310394667,
        -0.27134588858097947,
        -0.41824412616872014,
        -0.5450482400253125,
        -0.342485396076752,
        -0.8255764379523249,
        -0.6973268917708529,
        -0.8384163238930795
      ]
    },
    "empathetic_analytical": {
      "mean": -0.06785814927623816,
      "std": 0.10293991773416399,
      "min": -0.30672406726794255,
      "max": 0.1192141520159937,
      "values": [
        -0.07005798102789786,
        0.11690861233829143,
        0.019641291026662067,
        -0.22317368142613084,
        -0.013209157509206235,
        0.10393018438810242,
        -0.1622256403393753,
        -0.12926623211380334,
        -0.0768469638477576,
        -0.07342419825635231,
        0.003450101955993375,
        -0.13765022196995022,
        -0.11385331133831258,
        0.04604911712854037,
        -0.10993446056706128,
        -0.021264006893818774,
        -0.09872917165228304,
        -0.006152923481192249,
        -0.15886403903233792,
        -0.15486246083949376,
        -0.034778945917762906,
        -0.03508806632666703,
        0.0933829303225997,
        -0.30672406726794255,
        -0.1817656205374715,
        -0.13357143683789963,
        -0.2010389281803865,
        -0.02505828099627813,
        -0.07078107110394616,
        0.1192141520159937
      ]
    },
    "formal_casual": {
      "mean": 0.8282662800108194,
      "std": 0.20994081380047974,
      "min": 0.35205307448559914,
      "max": 1.0,
      "values": [
        0.9599854856508299,
        0.6735179939399498,
        0.8575587036012126,
        0.7949523332786924,
        0.9540612601976156,
        0.35205307448559914,
        1.0,
        0.9733269722992182,
        0.9074759928506239,
        0.3689138824560875,
        0.669842446206987,
        1.0,
        0.625270671548415,
        0.5691883569786887,
        1.0,
        0.742767671459782,
        1.0,
        0.6553965597441721,
        1.0,
        1.0,
        1.0,
        0.9762972201564706,
        0.4327945013599187,
        1.0,
        0.9142287893356795,
        1.0,
        0.921645348676445,
        1.0,
        1.0,
        0.49871113609819145
      ]
    },
    "verbose_concise": {
      "mean": 0.3673890863812203,
      "std": 0.1371670607617616,
      "min": 0.09318622726709215,
      "max": 0.5869945301706062,
      "values": [
        0.41488658250484306,
        0.29358657645583686,
        0.385391534651751,
        0.32996402047234086,
        0.28773522973079374,
        0.17679143851780488,
        0.49004713425326035,
        0.4160468236800678,
        0.41936760628676223,
        0.2198371314555849,
        0.3085724630087621,
        0.4647953122049078,
        0.27677838947480343,
        0.1795334718278002,
        0.5358213089202466,
        0.17479001523076684,
        0.5530454971658361,
        0.2527586642455262,
        0.5869945301706062,
        0.5654292543475791,
        0.4244267340520097,
        0.4825589501629082,
        0.2124183508182739,
        0.553706749777006,
        0.41881050725365704,
        0.5536067262045151,
        0.22255815981535712,
        0.31543672586645155,
        0.4127904756134585,
        0.09318622726709215
      ]
    },
    "direct_evasive": {
      "mean": 0.08271112176437988,
      "std": 0.07888331853009502,
      "min": -0.08050185287686125,
      "max": 0.22360933179065806,