{
  "model": "qwen_7b",
  "timestamp": "2026-01-26T20:40:10.607651",
  "num_samples": 30,
  "baseline": {
    "warm_cold": {
      "mean": 0.08596420288085938,
      "std": 0.07389439194917266,
      "min": -0.1737060546875,
      "max": 0.229736328125
    },
    "patient_irritated": {
      "mean": 0.07241668701171874,
      "std": 0.028382117790793516,
      "min": 0.0294647216796875,
      "max": 0.13720703125
    },
    "confident_cautious": {
      "mean": -0.17799173990885417,
      "std": 0.09494668765889124,
      "min": -0.299072265625,
      "max": 0.142822265625
    },
    "proactive_reluctant": {
      "mean": 0.096099853515625,
      "std": 0.08936637818769579,
      "min": -0.2027587890625,
      "max": 0.234619140625
    },
    "empathetic_analytical": {
      "mean": -0.12465267181396485,
      "std": 0.09670223264909253,
      "min": -0.29638671875,
      "max": 0.051239013671875
    },
    "formal_casual": {
      "mean": 0.09536641438802083,
      "std": 0.06197547550364658,
      "min": -0.06158447265625,
      "max": 0.186279296875
    },
    "verbose_concise": {
      "mean": 0.11800613403320312,
      "std": 0.06825114996151611,
      "min": -0.04425048828125,
      "max": 0.259521484375
    },
    "direct_evasive": {
      "mean": 0.024857330322265624,
      "std": 0.046863954386338634,
      "min": -0.047271728515625,
      "max": 0.1373291015625
    }
  }
}