{
  "model": "smollm_1.7b",
  "model_id": "HuggingFaceTB/SmolLM2-1.7B-Instruct",
  "timestamp": "2026-01-27T17:34:06.990778",
  "n_questions": 30,
  "axes": {
    "warm_cold": {
      "mean": -0.08023082551856836,
      "std": 0.07637839362656548,
      "min": -0.2056434005498886,
      "max": 0.15864385664463043,
      "values": [
        -0.08919789642095566,
        -0.06164968013763428,
        -0.10139797627925873,
        -0.15774518251419067,
        0.0097757987678051,
        0.020029105246067047,
        0.021549388766288757,
        -0.1513482630252838,
        -0.032157640904188156,
        -0.161041721701622,
        -0.06558375805616379,
        -0.1215631440281868,
        0.03138728067278862,
        -0.06255057454109192,
        -0.03256698325276375,
        0.15864385664463043,
        -0.08721335232257843,
        -0.05997299402952194,
        -0.11918695271015167,
        -0.028776157647371292,
        -0.13423870503902435,
        -0.08135449886322021,
        -0.13375483453273773,
        -0.16642358899116516,
        -0.07717634737491608,
        -0.13923926651477814,
        -0.18578673899173737,
        -0.1349051594734192,
        -0.2056434005498886,
        -0.057835377752780914
      ]
    },
    "confident_cautious": {
      "mean": 0.2617325688401858,
      "std": 0.08678995967149608,
      "min": 0.06624306738376617,
      "max": 0.5049504041671753,
      "values": [
        0.3330535292625427,
        0.328828901052475,
        0.27845266461372375,
        0.19748912751674652,
        0.20604845881462097,
        0.364540159702301,
        0.2269757241010666,
        0.5049504041671753,
        0.34966596961021423,
        0.2841663658618927,
        0.3170681297779083,
        0.2591259777545929,
        0.2513125240802765,
        0.16510429978370667,
        0.18342535197734833,
        0.06624306738376617,
        0.15027333796024323,
        0.3190001845359802,
        0.30311182141304016,
        0.16274677217006683,
        0.17747783660888672,
        0.222291961312294,
        0.2000373899936676,
        0.3251197338104248,
        0.2495841234922409,
        0.34124642610549927,
        0.2773210406303406,
        0.3614228665828705,
        0.15403862297534943,
        0.29185429215431213
      ]
    },
    "verbose_concise": {
      "mean": 0.26616744498411815,
      "std": 0.10882619667965147,
      "min": -0.09469643235206604,
      "max": 0.42643222212791443,
      "values": [
        0.290549099445343,
        0.31035271286964417,
        0.40839454531669617,
        0.3277245759963989,
        0.2602382302284241,
        0.42643222212791443,
        0.23393987119197845,
        0.42388448119163513,
        0.34578296542167664,
        0.21341107785701752,
        0.390802264213562,
        0.19307972490787506,
        0.31287896633148193,
        0.40190547704696655,
        0.2862226366996765,
        0.2415558397769928,
        0.2023366391658783,
        0.32990309596061707,
        0.30635759234428406,
        0.22883155941963196,
        0.07497557252645493,
        0.15342892706394196,
        -0.09469643235206604,
        0.18998126685619354,
        0.26458925008773804,
        0.2758387625217438,
        0.30671969056129456,
        0.23265686631202698,
        0.1173178181052208,
        0.329628050327301
      ]
    },
    "direct_evasive": {
      "mean": -0.2685984268784523,
      "std": 0.05169304013351591,
      "min": -0.3710126280784607,
      "max": -0.13830803334712982,
      "values": [
        -0.26156696677207947,
        -0.2671409845352173,
        -0.2847757935523987,
        -0.28660935163497925,
        -0.2470390647649765,
        -0.317234605550766,
        -0.24394327402114868,
        -0.28668031096458435,
        -0.26385584473609924,
        -0.23811426758766174,
        -0.33788782358169556,
        -0.19762377440929413,
        -0.2694033980369568,
        -0.35406625270843506,
        -0.24580711126327515,
        -0.3710126280784607,
        -0.31887346506118774,
        -0.2734464406967163,
        -0.21943938732147217,
        -0.31398773193359375,
        -0.1790156215429306,
        -0.29205742478370667,
        -0.13830803334712982,
        -0.21029356122016907,
        -0.294954776763916,
        -0.3088257312774658,
        -0.2959444522857666,
        -0.25244447588920593,
        -0.1884434074163437,
        -0.2991568446159363
      ]
    }
  }
}