{
  "model": "yi_9b",
  "timestamp": "2026-01-26T23:50:07.063303",
  "num_samples": 30,
  "baseline": {
    "warm_cold": {
      "mean": 0.17319412231445314,
      "std": 0.112566752884624,
      "min": -0.10546875,
      "max": 0.404541015625
    },
    "patient_irritated": {
      "mean": 0.2073760986328125,
      "std": 0.12499394132663408,
      "min": -0.08154296875,
      "max": 0.486572265625
    },
    "confident_cautious": {
      "mean": -0.182867431640625,
      "std": 0.11617154371314409,
      "min": -0.452392578125,
      "max": 0.042755126953125
    },
    "proactive_reluctant": {
      "mean": 0.6571492513020833,
      "std": 0.23844527239677107,
      "min": 0.0667724609375,
      "max": 1.0
    },
    "empathetic_analytical": {
      "mean": -0.28910064697265625,
      "std": 0.1610415326688988,
      "min": -0.662109375,
      "max": 0.0239410400390625
    },
    "formal_casual": {
      "mean": 0.09255539576212565,
      "std": 0.10384117540320527,
      "min": -0.0966796875,
      "max": 0.33056640625
    },
    "verbose_concise": {
      "mean": 0.09922993977864583,
      "std": 0.08440963508633802,
      "min": -0.1591796875,
      "max": 0.240966796875
    },
    "direct_evasive": {
      "mean": 0.07006785074869791,
      "std": 0.13606148378722827,
      "min": -0.1783447265625,
      "max": 0.46630859375
    }
  }
}