{
  "model": "yi_9b_base",
  "model_id": "01-ai/Yi-1.5-9B",
  "timestamp": "2026-02-08T00:05:11.423578",
  "n_questions": 30,
  "axes": {
    "warm_cold": {
      "mean": -0.21708729219826403,
      "std": 0.32475611995567577,
      "min": -0.8171651675288063,
      "max": 0.18252891521650821,
      "values": [
        -0.08938911175499106,
        0.14318109115859284,
        0.17752931395051377,
        -0.693463353997783,
        -0.645206598852748,
        0.11996811458714132,
        -0.060260547967678935,
        -0.5308998234854845,
        -0.21641423877543484,
        0.10965320056399447,
        -0.6693040326337378,
        -0.007426904807073777,
        0.07282792433554194,
        -0.13037600622207113,
        -0.25110635296696066,
        0.05967230517460369,
        -0.6019921023649578,
        0.14138806222523012,
        -0.19351855305690166,
        -0.036223181116603866,
        0.18252891521650821,
        -0.7390109772698292,
        -0.1303293419315396,
        -0.8029941978965073,
        -0.1332320333624963,
        0.047901479179407354,
        -0.8171651675288063,
        -0.5691609735336516,
        -0.22389598253252216,
        -0.02589969028167489
      ]
    },
    "patient_irritated": {
      "mean": -0.09367934580445512,
      "std": 0.26605325093995946,
      "min": -0.5985961307234521,
      "max": 0.4062051540777121,
      "values": [
        -0.11690186843226039,
        -0.04475437942595113,
        0.007766302668233333,
        -0.43544324380787897,
        -0.4855588908289899,
        -0.04855786758875186,
        -0.18371145972661534,
        -0.515959011936918,
        -0.4092412192748969,
        -0.07413022163434624,
        -0.2747235368062028,
        0.1691050374836337,
        0.24206299980985282,
        0.04720942893425528,
        -0.3100183501188481,
        0.3651591567667201,
        -0.40835668362142075,
        0.4062051540777121,
        -0.0744710396440207,
        0.25905472255786777,
        0.30644151736497005,
        -0.15758545944332045,
        0.10276836174247984,
        -0.2353412732174921,
        -0.15325464501313307,
        0.18599375963529827,
        -0.5985961307234521,
        -0.23495913234951993,
        -0.12259556540309219,
        -0.01798683617756593
      ]
    },
    "confident_cautious": {
      "mean": -0.135522911260725,
      "std": 0.1946928152055108,
      "min": -0.5379281894533058,
      "max": 0.23242215995580895,
      "values": [
        -0.3069295325860778,
        -0.052767209774764734,
        0.07133806845722508,
        -0.18752469618788753,
        -0.5379281894533058,
        0.08055549324404424,
        -0.2748749550709351,
        -0.1907606544562053,
        -0.18689780511260431,
        0.04909085784500192,
        -0.4193751948751789,
        0.16292904210130524,
        0.23242215995580895,
        -0.017943644887162793,
        -0.26836582146925864,
        0.04719696799333337,
        -0.47923989655718846,
        0.016902177751583532,
        -0.19902482886460188,
        -0.007625228499346131,
        0.05513736982362876,
        -0.2937640454770962,
        -0.14271241064406445,
        -0.32173314648796114,
        0.00897373145658943,
        0.10817507358458515,
        -0.2287161823287277,
        -0.38006960505949766,
        -0.16571370870153915,
        -0.23644152354145223
      ]
    },
    "proactive_reluctant": {
      "mean": 0.1793602865890715,
      "std": 0.08757317399055854,
      "min": 0.024621372705079095,
      "max": 0.3834006370997822,
      "values": [
        0.14967412110395195,
        0.12606850472046133,
        0.06917955866687829,
        0.12251646610864023,
        0.024621372705079095,
        0.17033804789300708,
        0.09290121017415894,
        0.15764391682336992,
        0.06975522719894679,
        0.2308456686337704,
        0.16537400433117974,
        0.23415548057016863,
        0.17944877653096694,
        0.23574621387843386,
        0.1349133909239491,
        0.25202319689585434,
        0.15564563276423987,
        0.31231348659529745,
        0.2117309686673788,
        0.3834006370997822,
        0.2535490281530262,
        0.18470478298803292,
        0.3735367088739641,
        0.12337768439858321,
        0.24116732421738427,
        0.28112997773856896,
        0.049120166409079194,
        0.10790220593071255,
        0.19236050012177391,
        0.09566433655550365
      ]
    },
    "empathetic_analytical": {
      "mean": 0.06315643132443191,
      "std": 0.19041007800717807,
      "min": -0.23984785469386605,
      "max": 0.35961882517592086,
      "values": [
        0.3094419046928783,
        0.35961882517592086,
        0.3154292109124541,
        -0.05305440082355466,
        0.11941292809018758,
        0.2331449750507726,
        0.34505694059935194,
        -0.20858575759373493,
        0.215508055889897,
        0.25780655479122827,
        -0.23984785469386605,
        0.11301260825542792,
        0.17009447086727075,
        -0.11382282091908773,
        0.1368102900294526,
        0.06882652839346029,
        -0.11314302015074343,
        -0.11692079151312293,
        0.09339034057244686,
        -0.07806009966997188,
        0.0660299144072485,
        -0.22441301806702574,
        -0.16820155070436973,
        -0.16985719972662983,
        0.13675229576485376,
        0.21359371875791175,
        -0.1295121118938574,
        -0.15836625885263236,
        0.1920568657828402,
        0.32249139630795065
      ]
    },
    "formal_casual": {
      "mean": 0.31907175057575515,
      "std": 0.4031871767240823,
      "min": -0.4008230380037569,
      "max": 1.0,
      "values": [
        -0.1851531597015999,
        -0.4008230380037569,
        -0.3450521519801078,
        0.6733477076531843,
        0.42134120673110365,
        0.0003595034954657655,
        -0.2770766300548414,
        0.6472071773405488,
        -0.013148261816865778,
        -0.12168675321658814,
        1.0,
        0.2206578179423447,
        0.11956058716617193,
        0.3442665654683412,
        0.18795727468973855,
        0.3378443766378804,
        0.7182917896538371,
        0.39193496524408517,
        0.2755423410764502,
        0.6764454218231409,
        0.17006551187504612,
        1.0,
        0.5396647052057014,
        1.0,
        0.2750499445300245,
        0.2053294826244706,
        0.801263704131249,
        0.9069191972465842,
        0.14050983817111554,
        -0.13846660666007182
      ]
    },
    "verbose_concise": {
      "mean": -0.03982893267165062,
      "std": 0.2564486030649125,
      "min": -0.47136555042517286,
      "max": 0.45476636899231937,
      "values": [
        0.15507965521166536,
        0.45476636899231937,
        0.33357052369102047,
        -0.15083411083992726,
        -0.0992390236776618,
        0.2201601907209976,
        0.24858474783472884,
        -0.3861471072253537,
        0.11916248944924167,
        0.2726538423647981,
        -0.4398343241298227,
        0.0883484701739305,
        0.26320173153399046,
        -0.13315509024416958,
        -0.01421485853748942,
        -0.05835576772500668,
        -0.3218765890550779,
        -0.17157784488961955,
        0.03243766178729096,
        -0.23942932097896966,
        0.005660346420068899,
        -0.4565932988010975,
        -0.23074070505586317,
        -0.47136555042517286,
        0.024290943545753875,
        0.21424483322146404,
        -0.27478683789634756,
        -0.3794712762927533,
        -0.04899441150673014,
        0.2495863321842739
      ]
    },
    "direct_evasive": {
      "mean": 0.4329929272583817,
      "std": 0.12822274322936725,
      "min": 0.203838780227934,
      "max": 0.676273094472291,